,Unnamed: 0,id,last_scraped,source,host_id,host_name,host_since,host_location,host_is_superhost,host_neighbourhood,host_total_listings_count,host_has_profile_pic,host_identity_verified,neighbourhood,property_type,room_type,accommodates,bathrooms,bedrooms,beds,price,minimum_nights,maximum_nights,minimum_minimum_nights,maximum_minimum_nights,minimum_maximum_nights,maximum_maximum_nights,minimum_nights_avg_ntm,maximum_nights_avg_ntm,has_availability,availability_30,availability_60,availability_90,availability_365,number_of_reviews,number_of_reviews_ltm,number_of_reviews_l30d,first_review,last_review,review_scores_rating,review_scores_accuracy,review_scores_cleanliness,review_scores_checkin,review_scores_communication,review_scores_location,review_scores_value,instant_bookable,calculated_host_listings_count,calculated_host_listings_count_entire_homes,calculated_host_listings_count_private_rooms,reviews_per_month
0,0,56229,2024-12-12,city scrape,216660,Boris,2010-08-29,"London, United Kingdom",f,Hammersmith,11.0,t,t,,Entire rental unit,Entire home/apt,2,1.5,1.0,1.0,89.0,5,365,1.0,7.0,365.0,365.0,4.1,365.0,t,2,8,11,22,145,42,1,2010-10-26,2024-11-17,4.71,4.71,4.67,4.88,4.79,4.92,4.71,f,11,9,1,0.84
1,1,62970,2024-12-12,city scrape,336059,Thomas,2011-01-05,"Hamilton Parish, Bermuda",,Mid-Beach,47.0,t,t,Neighborhood highlights,Entire condo,Entire home/apt,6,3.0,3.0,3.0,220.0,1,1125,1.0,3.0,2.0,1125.0,2.9,793.7,t,13,23,53,326,178,3,1,2011-01-04,2024-11-17,4.52,4.64,4.6,4.8,4.74,4.63,4.51,t,1,1,0,1.05
4,4,69198,2024-12-11,city scrape,345886,Alda,2011-01-13,"London, United Kingdom",f,,1.0,t,t,Neighborhood highlights,Private room in rental unit,Private room,1,1.0,1.0,1.0,53.0,3,730,3.0,3.0,730.0,730.0,3.0,730.0,t,28,58,88,363,13,0,0,2012-07-01,2022-05-24,4.46,4.69,4.77,4.62,4.85,4.62,4.23,f,1,0,1,0.09
5,5,72913,2024-12-12,previous scrape,379315,Matthew,2011-02-06,United Kingdom,f,Kennington,1.0,t,t,Neighborhood highlights,Private room in townhouse,Private room,2,,,,,2,10,2.0,2.0,10.0,10.0,2.0,10.0,t,0,0,0,0,157,0,0,2011-03-16,2020-03-03,4.82,4.88,4.83,4.96,4.92,4.69,4.75,f,1,0,1,0.94
6,6,73431,2024-12-11,city scrape,383525,Emi,2011-02-09,"London, United Kingdom",f,Stockwell,1.0,t,t,Neighborhood highlights,Entire condo,Entire home/apt,6,2.0,2.0,3.0,120.0,5,120,3.0,90.0,120.0,120.0,7.7,120.0,t,6,6,15,32,105,18,0,2013-11-07,2024-07-20,4.92,4.89,4.91,4.9,4.9,4.74,4.79,t,1,1,0,0.78
